{
	"schemaVersion": 1,
	"id": "first-mod",
	"version": "${version}",
	"name": "First mod",
	"description": "My first mod",
	"authors": [
		"Matibi"
	],
	"contact": {
		"homepage": "https://fabricmc.net/",
		"sources": "https://github.com/FabricMC/fabric-example-mod"
	},
	"license": "CC0-1.0",
	"icon": "assets/firstmod/icon.png",
	"environment": "*",
	"entrypoints": {
		"main": [
			"com.firstmod.FirstMod"
		],
		"fabric-datagen": [
			"com.firstmod.FirstModDataGenerator"
		],
		"client": [
			"com.firstmod.FirstModClient"
		]
	},
	"mixins": [
		"firstmod.mixins.json"
	],
	"depends": {
		"fabricloader": ">=0.16.10",
		"minecraft": "~1.21.4",
		"java": ">=21",
		"fabric-api": "*"
	},
	"suggests": {
		"another-mod": "*"
	}
}